English,German
abandon,aufgeben
abandoned,verlassen
ability,Fähigkeit
able,fähig
about,um
above,Oben
abroad,im Ausland
absence,Abwesenheit
absent,abwesend
absolute,absolut
absolutely,unbedingt
absorb,absorbieren
abuse,Missbrauch
academic,akademisch
accent,Akzent
accept,annehmen
acceptable,akzeptabel
access,Zugang
accident,Unfall
accidental,zufällig
accidentally,versehentlich
accommodation,Unterkunft
accompany,begleiten
according to,entsprechend
account,Konto
account for,Konto für
accurate,genau
accurately,genau
accuse,beschuldigen
achieve,erreichen
achievement,Leistung
acid,Säure
acknowledge,anerkennen
a couple,ein Paar
acquire,erwerben
across,über
act,Handlung
action,Aktion
active,aktiv
actively,aktiv
activity,Aktivität
actor,Schauspieler
actress,Darstellerin
actual,tatsächlich
actually,eigentlich
ad,Anzeige
adapt,sich anpassen
add,hinzufügen
addition,Zusatz
additional,zusätzlich
add on,hinzufügen Auf
address,die Anschrift
add up,addieren
add up to,addieren sich zu
adequate,angemessen
adequately,angemessen
adjust,anpassen
admiration,Bewunderung
admire,bewundern
admit,zugeben
adopt,adoptieren
adult,Erwachsene
advance,Vorauszahlung
advanced,fortschrittlich
advantage,Vorteil
adventure,Abenteuer
advert,Inserat
advertise,werben
advertisement,Anzeige
advertising,Werbung
advice,Rat
advise,beraten
affair,Affäre
affect,beeinträchtigen
affection,Zuneigung
afford,sich leisten
afraid,besorgt
after,nach
afternoon,Nachmittag
afterwards,danach
again,wieder
against,gegen
age,das Alter
aged,alt
agency,Agentur
agent,Agent
aggressive,aggressiv
ago,vor
agree,zustimmen
agreement,Zustimmung
ahead,voraus
aid,Hilfe
aim,Ziel
air,Luft
aircraft,Flugzeug
airport,Flughafen
alarm,Alarm
alarmed,alarmiert
alarming,alarmierend
alcohol,Alkohol
alcoholic,alkoholisch
alive,am Leben
all,alle
allied,alliiert
allow,ermöglichen
allow for,erlauben für
all right,gut
ally,Verbündete
almost,fast
alone,allein
along,eine lange
alongside,neben
aloud,laut
alphabet,Alphabet
alphabetical,alphabetisch
alphabetically,alphabetisch
already,schon
also,Auch
alter,ändern
alternative,Alternative
alternatively,Alternative
although,obwohl
altogether,insgesamt
always,stets
a.m.,bin.
amaze,überraschen
amazed,erstaunt
amazing,toll
ambition,Ehrgeiz
ambulance,Ambulanz
among,unter
amount,Menge
amount to,betragen
amuse,amüsieren
amused,amüsiert
amusing,lustig
analyse,analysieren
analysis,Analyse
ancient,alt
and,und
anger,Wut
angle,Winkel
angrily,wütend
angry,wütend
animal,Tier
ankle,Knöchel
anniversary,Jubiläum
announce,bekannt geben
annoy,Nerven
annoyed,verärgert
annoying,ärgerlich
annual,jährlich
annually,jährlich
another,Ein weiterer
answer,Antworten
anti-,Anti-
anticipate,antizipieren
anxiety,Angst
anxious,Ängstlich
anxiously,besorgt
any,irgendein
anybody,irgendjemand
anyone,jeder
anything,irgendetwas
anyway,ohnehin
anywhere,irgendwo
apart,ein Teil
apart from,"außer, abgesondert, ausgenommen"
apartment,Wohnung
apologize,entschuldigen
apparent,ersichtlich
apparently,offenbar
appeal,appellieren
appear,erscheinen
appearance,Aussehen
apple,Apfel
application,Anwendung
apply,anwenden
appoint,ernennen
appointment,geplanter Termin
appreciate,im Wert steigen
approach,sich nähern
appropriate,angemessen
approval,die Genehmigung
approve,genehmigen
approving,Genehmigung
approximate,ungefähr
approximately,etwa
April,April
area,Bereich
argue,streiten
argument,Streit
arise,entstehen
arm,Arm
armed,bewaffnet
arms,Waffen
army,Heer
around,um
arrange,arrangieren
arrangement,Anordnung
arrest,Festnahme
arrival,Ankunft
arrive,ankommen
arrive at,ankommen bei
arrow,Pfeil
art,Kunst
article,Artikel
artificial,künstlich
artificially,künstlich
artist,Künstler
artistic,künstlerisch
artistically,künstlerisch
as,wie
ashamed,beschämt
aside,beiseite
aside from,abgesehen von
ask,Fragen
asleep,schlafend
aspect,Aspekt
assist,helfen
assistance,Hilfe
assistant,Assistent
associate,assoziieren
associated,damit verbundenen
association,Verband
assume,davon ausgehen
assure,versichern
at,bei
atmosphere,Atmosphäre
atom,Atom
attach,anfügen
attached,angebracht
attack,Attacke
attempt,versuchen
attempted,versuchte
attend,teilnehmen
attend to,jemanden bedienen
attention,Aufmerksamkeit
attitude,Attitüde
attorney,Rechtsanwalt
attract,anlocken
attractive,attraktiv
audience,Publikum
August,August
aunt,Tante
author,Autor
authority,Behörde
automatic,automatisch
automatically,automatisch
autumn,Herbst
available,verfügbar
average,Durchschnitt
avoid,vermeiden
awake,Erwachen
award,vergeben
aware,bewusst
away,ein Weg
awful,furchtbar
awfully,furchtbar
awkward,unangenehm
awkwardly,unbeholfen
baby,Baby
back,der Rücken
background,Hintergrund
back up,sich zurückziehen
backward,rückwärts
backwards,rückwärts
bacteria,Bakterien
bad,Schlecht
badly,schlecht
bad-tempered,schlecht gelaunt
bag,Tasche
baggage,Gepäck
bake,backen
balance,Gleichgewicht
ball,Ball
ban,Verbot
band,Band
bandage,Binde
bank,Bank
bar,Bar
bargain,Schnäppchen
barrier,Barriere
base,Base
based,basierend
base on,Basis auf
basic,Basic
basically,Grundsätzlich
basis,Basis
bath,Bad
bathroom,Bad
battery,Batterie
battle,Schlacht
bay,Bucht
be,sein
beach,Strand
beak,Schnabel
bear,Bär
beard,Bart
beat,schlagen
beat up,verprügeln
beautiful,schön
beautifully,schön
beauty,Schönheit
because,Weil
because of,durch
become,werden
bed,Bett
bedroom,Schlafzimmer
beef,Rindfleisch
beer,Bier
before,Vor
begin,Start
beginning,Anfang
behalf,Namen
behave,sich verhalten
behaviour,Verhalten
behind,hinter
be left over,übrig bleiben
belief,Glauben
believe,glauben
believe in,glauben an
bell,Glocke
belong,gehören
belong to,gehören
below,unter
belt,Gürtel
bend,Biege
beneath,unter
benefit,Nutzen
bent,gebogen
beside,neben
best,Beste
bet,Wette
better,besser
betting,Wetten
between,zwischen
beyond,Darüber hinaus
bicycle,Fahrrad
bid,Gebot
big,groß
bike,Fahrrad
bill,Rechnung
billion,Milliarde
bin,Behälter
biology,Biologie
bird,Vogel
birth,Geburt
birthday,Geburtstag
biscuit,Keks
bit,bisschen
bite,beissen
bitter,bitter
bitterly,bitterlich
black,Schwarz
blade,Klinge
blame,Schuld
blank,leer
blind,blind
block,Block
blonde,blond
blood,Blut
blow,Schlag
blow out,Ausblasen
blow up,sprengen
blue,blau
board,Tafel
boat,Boot
body,Karosserie
boil,Kochen
bomb,Bombe
bone,Knochen
book,Buchen
boot,Stiefel
border,Grenze
bore,Bohrung
bored,gelangweilt
boring,langweilig
born,geboren
borrow,ausleihen
boss,Chef
both,beide
bother,sich kümmern
bottle,Flasche
bottom,Unterseite
bound,gebunden
bowl,Schüssel
box,Kasten
boy,Junge
boyfriend,Freund
brain,Gehirn
branch,Zweig
brand,Marke
brave,tapfer
bread,brot
break,Unterbrechung
break down,abbauen
breakfast,Frühstück
break in,einbrechen
break into,einbrechen in
break off,abbrechen
break out,ausbrechen
break up,beenden
breast,Brust
breath,Atem
breathe,atmen
breathe in,Einatmen
breathe out,Ausatmen
breathing,Atmung
breed,züchten
brick,Backstein
bridge,Brücke
brief,knapp
briefly,knapp
bright,hell
brightly,hell
brilliant,brillant
bring,bringen
bring back,zurückbringen
bring down,herunter bringen
bring forward,voran bringen
bring out,rausbringen
bring up,zur Sprache bringen
broad,breit
broadcast,Übertragung
broadly,breit
broken,gebrochen
brother,Bruder
brown,braun
brush,Bürste
bubble,Blase
budget,Budget
build,bauen
building,Gebäude
build up,aufbauen
bullet,Patrone
bunch,Bündel
burn,brennen
burn down,Abbrennen
burnt,verbrannt
burst,platzen
burst into,in
burst out,ausbrachen
bury,begraben
bus,Bus
bush,Busch
business,Geschäft
businessman,Geschäftsmann
busy,belebt
but,aber
butter,Butter
button,Taste
buy,Kaufen
buyer,Käufer
by,durch
bye,Wiedersehen
cabinet,Kabinett
cable,Kabel
cake,Kuchen
calculate,Berechnung
calculation,Berechnung
call,Anruf
call back,zurückrufen
called,genannt
call for,fordern
call off,absagen
call up,anrufen
calm,Ruhe
calm down,sich beruhigen
calmly,ruhig
camera,Kamera
camp,Lager
campaign,Kampagne
camping,Camping
can, kann
cancel,Abbrechen
cancer,Krebs
candidate,Kandidat
candy,Süssigkeit
cannot,kann nicht
cap,Deckel
capable,fähig
capacity,Kapazität
capital,Hauptstadt
captain,Kapitän
capture,Erfassung
car,Wagen
card,Karte
cardboard,Karton
care,Pflege
career,Werdegang
care for,pflegen
careful,Vorsichtig
carefully,sorgfältig
careless,leichtsinnig
carelessly,nachlässig
carpet,Teppich
carrot,Karotte
carry,tragen
carry on,fortfahren
carry out,durchführen
case,Fall
cash,Kasse
cast,gießen
castle,Schloss
cat,Katze
catch,Fang
catch up,aufholen
category,Kategorie
cause,weil
CD,CD
cease,beenden
ceiling,Decke
celebrate,zelebrieren
celebration,Feier
cell,Zelle
cell phone,Mobiltelefon
cent,Cent
centimetre,Zentimeter
central,zentral
centre,Center
century,Jahrhundert
ceremony,Zeremonie
certain,sicher
certainly,sicherlich
certificate,Zertifikat
chain,Kette
chair,Stuhl
chairman,Vorsitzende
chairwoman,Vorsitzende
challenge,Herausforderung
chamber,Kammer
chance,Chance
change,Rückgeld
change round,wechseln
channel,Kanal
chapter,Kapitel
character,Charakter
characteristic,charakteristisch
charge,aufladen
charity,Wohltätigkeit
chart,Diagramm
chase,Verfolgungsjagd
chase away,verjagen
chat,Plaudern
cheap,billig
cheaply,billig
cheat,schummeln
cheat of,Betrüger von
check,überprüfen
check in,Check-In
check into,check in
check on,prüfen Auf
check out,Kasse
check over,überprüfen
check up on,Überprüfen Sie
cheek,Wange
cheerful,gut gelaunt
cheerfully,fröhlich
cheese,Käse
chemical,chemisch
chemist,Chemiker
chemistry,Chemie
cheque,überprüfen
chest,Truhe
chew,kauen
chicken,Hähnchen
chief,Chef
child,Kind
chin,kinn
chip,Chip
chocolate,Schokolade
choice,Auswahl
choose,wählen
chop,hacken
chop down,fällen
chop off,abhacken
church,Kirche
cigarette,Zigarette
cinema,Kino
circle,Kreis
circumstance,Umstand
citizen,Bürger
city,Stadt
civil,bürgerlich
claim,Klage
clap,klatschen
class,Klasse
classic,klassisch
classroom,Klassenzimmer
clean,sauber
clean up,Aufräumen
clear,klar
clearly,deutlich
clear out,klären
clear up,klären
clerk,Sachbearbeiter
clever,clever
click,klicken
client,Klient
climate,Klima
climb,steigen
climbing,Klettern
clock,Uhr
close,nah dran
closed,abgeschlossen
closely,eng
closet,Wandschrank
cloth,Stoff
clothes,Kleidung
clothing,Kleidung
cloud,Wolke
club,Verein
coach,Coach
coal,Kohle
coast,Küste
coat,Mantel
code,Code
coffee,Kaffee
coin,Münze
cold,kalt
coldly,kalt
collapse,Zusammenbruch
colleague,Kollege
collect,sammeln
collection,Sammlung
college,Uni
colour,Farbe
coloured,farbig
column,Säule
combination,Kombination
combine,kombinieren
come,Kommen Sie
come across,stoßen rüber
come down,herunter kommen
comedy,Komödie
come from,komme aus
come in,Komm herein
come off,ausgehen
come on,aufleuchten
come out,herauskommen
come round,vorbeikommen
come to,Komm zu
come up,aufkommen
come up to,komm an
comfort,Komfort
comfortable,gemütlich
comfortably,bequem
command,Befehl
comment,Kommentar
commercial,kommerziell
commission,Kommission
commit,verpflichten
commitment,Verpflichtung
committee,Komitee
common,gemeinsames
commonly,häufig
communicate,kommunizieren
communication,Kommunikation
community,Gemeinschaft
company,Gesellschaft
compare,vergleichen
comparison,Vergleich
compete,wetteifern
competition,Wettbewerb
competitive,wettbewerbsfähig
complain,beschweren
complaint,Beschwerde
complete,Komplett
completely,vollständig
complex,Komplex
complicate,komplizieren
complicated,kompliziert
computer,Computer
concentrate,konzentrieren
concentrate on,konzentrieren auf
concentration,Konzentration
concept,Konzept
concern,Anliegen
concerned,betroffen
concerning,betreffend
concert,Konzert
conclude,daraus schließen
conclusion,Fazit
concrete,Beton
condition,Bedingung
conduct,Verhalten
conference,Konferenz
confidence,Vertrauen
confident,zuversichtlich
confidently,zuversichtlich
confine,beschränken
confined,beschränkt
confirm,bestätigen
conflict,Konflikt
confront,konfrontieren
confuse,verwechseln
confused,verwirrt
confusing,verwirrend
confusion,Verwirrtheit
congratulate,gratulieren
congratulation,Glückwunsch
congress,Kongress
connect,verbinden
connected,in Verbindung gebracht
connection,Verbindung
conscious,bewusst
consequence,Folge
conservative,konservativ
consider,Erwägen
considerable,beträchtlich
considerably,wesentlich
consideration,Rücksichtnahme
consist,bestehen
consist of,besteht aus
constant,Konstante
constantly,ständig
construct,konstruieren
construction,Konstruktion
consult,konsultieren
consumer,Verbraucher
contact,Kontakt
contain,enthalten
container,Container
contemporary,zeitgenössisch
content,Inhalt
contest,Wettbewerb
context,Kontext
continent,Kontinent
continue,fortsetzen
continuous,kontinuierlich
continuously,ständig
contract,Vertrag
contrast,Kontrast
contrasting,kontrastieren
contribute,beitragen
contribution,Beitrag
control,Kontrolle
controlled,kontrolliert
convenient,praktisch
convention,Konvention
conventional,konventionell
conversation,Gespräch
convert,Konvertieren
convince,überzeugen
cook,Koch
cooker,Kocher
cookie,Plätzchen
cooking,Kochen
cool,Kalt
cool down,abkühlen
cope,bewältigen
copy,Kopieren
core,Ader
corner,Ecke
correct,Korrekt
correctly,korrekt
cost,kosten
cottage,Hütte
cotton,Baumwolle
cough,Husten
coughing,Husten
could,könnte
council,Rat
count,zählen
counter,Zähler
count on,verlassen auf
country,Land
countryside,Landschaft
county,Bezirk
couple,Paar
courage,Mut
course,Kurs
court,Gericht
cousin,Cousin
cover,Startseite
covered,bedeckt
covering,Abdeckung
cover up,zudecken
cow,Kuh
crack,Riss
cracked,geknackt
craft,Boot
crash,Absturz
crazy,verrückt
cream,Creme
create,schaffen
creature,Kreatur
credit,Anerkennung
credit card,Kreditkarte
crime,Verbrechen
criminal,kriminell
crisis,Krise
crisp,knackig
criterion,Kriterium
critical,kritisch
criticism,Kritik
criticize,kritisieren
crop,Ernte
cross,Kreuz
cross out,streichen
crowd,Menge
crowded,überlaufen
crown,Krone
crucial,zentral
cruel,grausam
crush,zerkleinern
cry,Schrei
cry out,schreien
cultural,kulturell
culture,Kultur
cup,Tasse
cupboard,Schrank
curb,Randstein
cure,Heilung
curious,neugierig
curiously,Seltsamerweise
curl,Locken
curl up,sich zusammenrollen
curly,lockig
current,aktuell
currently,zur Zeit
curtain,Vorhang
curve,Kurve
curved,gebogen
custom,Brauch
customer,Kunde
customs,Zoll
cut,schneiden
cut back,Rückschnitt
cut down,verringern
cut off,abgeschnitten
cut out,ausgeschnitten
cut up,zerschneiden
cycle,Kreislauf
cycling,Radfahren
dad,Papa
daily,Täglich
damage,Schaden
damp,Feuchte
dance,tanzen
dancer,Tänzer
dancing,Tanzen
danger,Achtung
dangerous,gefährlich
dare,Wagen
dark,dunkel
data,Daten
date,Datum
date back,Date zurück
daughter,Tochter
day,Tag
dead,tot
deaf,taub
deal,handeln
deal in,ansprechen
deal with,bewältigen
dear,Liebling
death,Tod
debate,Debatte
debt,Schuld
decade,Jahrzehnt
decay,Verfall
December,Dezember
decide,sich entscheiden
decide on,entscheiden über
decision,Entscheidung
declare,erklären
decline,Abfall
decorate,schmücken
decoration,Dekoration
decorative,dekorativ
decrease,Verringerung
deep,tief
deeply,tief
defeat,Verlust
defence,Verteidigung
defend,verteidigen
define,definieren
definite,definitiv
definitely,bestimmt
definition,Definition
degree,Grad
delay,Verzögerung
deliberate,absichtlich
deliberately,absichtlich
delicate,empfindlich
delight,Vergnügen
delighted,erfreut
deliver,liefern
delivery,Lieferung
demand,fordern
demonstrate,zeigen
dentist,Zahnarzt
deny,leugnen
department,Abteilung
departure,Abfahrt
depend,abhängen
depend on,darauf ankommen
deposit,Hinterlegung
depress,deprimieren
depressed,deprimiert
depressing,deprimierend
depth,Tiefe
derive,ableiten
derive from,ergeben sich aus
describe,beschreiben
description,Bezeichnung
desert,Wüste
deserted,verlassen
deserve,verdienen
design,Entwurf
desire,Verlangen
desk,Schreibtisch
desperate,verzweifelt
desperately,verzweifelt
despite,Trotz
destroy,zerstören
destruction,Zerstörung
detail,Detail
detailed,detailliert
determination,Festlegung
determine,bestimmen
determined,bestimmt
develop,sich entwickeln
development,Entwicklung
device,Gerät
devote,widmen
devoted,hingebungsvoll
devote to,widmen
diagram,Diagramm
diamond,Diamant
diary,Tagebuch
dictionary,Wörterbuch
die,sterben
die away,wegsterben
die out,Aussterben
diet,Diät
difference,Unterschied
different,anders
differently,anders
difficult,schwierig
difficulty,Schwierigkeit
dig,graben
digital,Digital
dinner,Abendessen
direct,Direkte
direction,Richtung
directly,direkt
director,Direktor
dirt,Schmutz
dirty,schmutzig
disabled,deaktiviert
disadvantage,Nachteil
disagree,nicht zustimmen
disagreement,Uneinigkeit
disagree with doing,nicht einverstanden mit dem Tun
disappear,verschwinden
disappoint,enttäuschen
disappointed,enttäuscht
disappointing,enttäuschend
disappointment,Enttäuschung
disapproval,Missbilligung
disapprove,missbilligen
disapproving,missbilligend
disaster,Katastrophe
disc,Rabatt
discipline,Disziplin
discount,Rabatt
discover,entdecken
discovery,Entdeckung
discuss,diskutieren
discussion,Diskussion
disease,Erkrankung
disgust,der Ekel
disgusted,angewidert
disgusting,widerlich
dish,Gericht
dishonest,unehrlich
dishonestly,unehrlich
disk,Scheibe
dislike,nicht gefallen
dismiss,zurückweisen
display,Anzeige
dissolve,sich auflösen
distance,Distanz
distinguish,unterscheiden
distribute,verteilen
distribution,Verteilung
district,Bezirk
disturb,stören
disturbing,störend
divide,teilen
division,Aufteilung
divorce,Scheidung
divorced,geschieden
do,tun
doctor,Arzt
document,dokumentieren
dog,Hund
dollar,Dollar
domestic,inländisch
dominate,dominieren
door,Tür
dot,Punkt
double,doppelt
doubt,Zweifel
do up,aufpeppen
do with,machen mit
do without,verzichten
down,Nieder
downstairs,unten
downward,nach unten
downwards,nach unten
dozen,Dutzend
draft,Entwurf
drag,ziehen
drama,Theater
dramatic,dramatisch
dramatically,dramatisch
draw,zeichnen
drawer,Schublade
drawing,Zeichnung
dream,Traum
dress,Kleid
dressed,gekleidet
dress up,Ankleiden
drink,Getränk
drive,Fahrt
drive away,wegfahren
drive off,wegfahren
driver,Treiber
driving,Fahren
drop,fallen
drop out,aussteigen
drug,Arzneimittel
drugstore,Drogerie
drum,Trommel
drunk,betrunken
dry,trocken
dry off,abtrocknen
dry up,Austrocknen
due,fällig
dull,Stumpf
dump,entsorgen
during,während
dust,Staub
duty,Pflicht
DVD,DVD
dying,Absterben
each,jeder
each other,gegenseitig
ear,Ohr
early,frühzeitig
earn,verdiene
earth,Erde
ease,Leichtigkeit
easily,leicht
east,Ost
eastern,Ost
easy,einfach
eat,Essen
eat out,Essen gehen
eat up,aufessen
economic,wirtschaftlich
economy,Wirtschaft
edge,Kante
edition,Auflage
editor,Editor
educate,erziehen
educated,gebildet
education,Ausbildung
effect,Wirkung
effective,Wirksam
effectively,effektiv
efficient,effizient
efficiently,effizient
effort,Anstrengung
e.g.,z.B.
egg,Ei
eight,acht
eighteen,achtzehn
eighteenth,Achtzehnt
eighth,achte
eightieth,Achtzigste
eighty,achtzig
either,entweder
elbow,Ellbogen
elderly,Alten
elect,wählen
election,Wahl
electric,elektrisch
electrical,elektrisch
electricity,Elektrizität
electronic,elektronisch
elegant,elegant
element,Element
elevator,Aufzug
eleven,elf
eleventh,elfte
else,anders
elsewhere,anderswo
email,Email
embarrass,in Verlegenheit bringen
embarrassed,beschämt
embarrassing,peinlich
embarrassment,Verlegenheit
emerge,auftauchen
emergency,Notfall
emotion,Emotion
emotional,emotional
emotionally,emotional
emphasis,Hervorhebung
emphasize,betonen
empire,Reich
employ,beschäftigen
employee,Angestellter
employer,Arbeitgeber
employment,Beschäftigung
empty,leer
enable,ermöglichen
encounter,begegnen
encourage,ermutigen
encouragement,Ermutigung
end,Ende
end in,Ende in
ending,Ende
end up,Enden
enemy,Feind
energy,Energie
engage,engagieren
engaged,verlobt
engine,Motor
engineer,Techniker
engineering,Ingenieurwesen
enjoy,Viel Spaß
enjoyable,angenehm
enjoyment,Vergnügen
enormous,enorm
enough,genügend
enquiry,Anfrage
ensure,dafür sorgen
enter,Eintreten
entertain,unterhalten
entertainer,Entertainer
entertaining,unterhaltsam
entertainment,Entertainment
enthusiasm,Begeisterung
enthusiastic,enthusiastisch
enthusiastically,begeistert
entire,gesamte
entirely,völlig
entitle,berechtigen
entrance,Eingang
entry,Eintrag
envelope,Umschlag
environment,Umgebung
environmental,Umwelt
equal,gleich
equally,gleichermaßen
equipment,Ausrüstung
equivalent,Äquivalent
error,Error
escape,Flucht
especially,besonders
essay,Aufsatz
essential,wesentlich
essentially,im Wesentlichen
establish,Gründen
estate,Anwesen
estimate,schätzen
etc.,usw.
euro,Euro
even,eben
evening,Abend
event,Veranstaltung
eventually,letztlich
ever,je
every,jeder
everybody,alle
everyone,alle
everything,alles
everywhere,"überall, überallhin, allerorts"
evidence,Beweis
evil,teuflisch
ex-,ex-
exact,genau
exactly,exakt
exaggerate,übertreiben
exaggerated,übertrieben
exam,Prüfung
examination,Untersuchung
examine,untersuchen
example,Beispiel
excellent,Ausgezeichnet
except,außer
exception,Ausnahme
exchange,Austausch
excite,begeistern
excited,aufgeregt
excitement,Aufregung
exciting,aufregend
exclude,ausschließen
excluding,ausschließlich
excuse,Entschuldigung
executive,Executive
exercise,Übung
exhibit,Ausstellungsstück
exhibition,Ausstellung
exist,existieren
existence,Existenz
exit,Ausfahrt
expand,erweitern
expect,erwarten von
expectation,Erwartung
expected,erwartet
expense,Kosten
expensive,teuer
experience,Erfahrung
experienced,erfahren
experiment,Experiment
expert,Experte
explain,erklären
explanation,Erläuterung
explode,explodieren
explore,erforschen
explosion,Explosion
export,Export
expose,entlarven
express,ausdrücken
expression,Ausdruck
extend,erweitern
extension,Verlängerung
extensive,umfangreich
extent,Ausmaß
extra,extra
extraordinary,außerordentlich
extreme,extrem
extremely,äußerst
eye,Auge
face,Gesicht
face up to,Gesicht zu
facility,Einrichtung
fact,Tatsache
factor,Faktor
factory,Fabrik
fail,scheitern
failure,Versagen
faint,ohnmächtig werden
faintly,schwach
fair,Messe
fairly,ziemlich
faith,Glaube
faithful,treu
faithfully,treu
fall,Herbst
false,falsch
fame,Ruhm
familiar,vertraut
family,Familie
famous,berühmt
fan,Fan
fancy,schick
far,weit
farm,Bauernhof
farmer,Bauer
farming,Landwirtschaft
farther,weiter
farthest,am weitesten
fashion,Mode
fashionable,modisch
fast,schnell
fasten,befestigen
fat,fett
father,Vater
faucet,Wasserhahn
fault,Fehler
favour,favorisieren
favourite,Favorit
fear,Furcht
feather,Feder
feature,Besonderheit
February,Februar
federal,Bundes
fee,Gebühr
feed,Einspeisung
feel,Gefühl
feeling,Gefühl
fellow,Gefährte
female,weiblich
fence,Zaun
festival,Festival
fetch,bringen
fever,Fieber
few,wenig
field,aufstellen
fifteen,fünfzehn
fifteenth,fünfzehnte
fifth,fünfte
fiftieth,fünfzigste
fifty,fünfzig
fight,Kampf
fighting,Kampf
figure,Zahl
figure out,herausfinden
file,Datei
fill,füllen
fill in,ergänze
fill out,ausfüllen
fill up,auffüllen
film,Film
final,Finale
finally,endlich
finance,Finanzen
financial,finanziell
find,finden
find out,erfahren
fine,fein
finely,fein
finger,Finger
finish,Fertig
finished,fertig
finish off,erledigen
fire,Feuer
firm,Feste
firmly,fest
first,Erste
fish,Fische
fishing,Angeln
fit,fit
fit in,sich einfügen
five,fünf
fix,Fix
fixed,Fest
flag,Flagge
flame,Flamme
flash,Blitz
flat,eben
flavour,Geschmack
flesh,Fleisch
flight,Flug
float,schweben
flood,Flut
flooded,überflutet
flooding,Überschwemmung
floor,Boden
flour,Mehl
flow,fließen
flower,Blume
flu,Grippe
fly,fliegen
flying,fliegend
focus,Fokus
fold,falten
folding,Falten
follow,Folgen
following,folgen
follow up,nachverfolgen
food,Lebensmittel
foot,Fuß
football,Fußball
for,zum
force,Macht
forecast,Vorhersage
foreign,ausländisch
forest,Wald
forever,bis in alle Ewigkeit
forget,vergessen
forgive,verzeihen
fork,Gabel
form,bilden
formal,formell
formally,formal
former,ehemalige
formerly,früher
formula,Formel
fortieth,vierzigste
fortune,Reichtum
forty,vierzig
forward,nach vorne
found,gefunden
foundation,Stiftung
four,vier
fourteen,vierzehn
fourteenth,vierzehnte
fourth,vierte
frame,rahmen
free,frei
freedom,Freiheit
freely,frei
freeze,einfrieren
frequent,häufig
frequently,häufig
fresh,frisch
freshly,frisch
Friday,Freitag
fridge,Kühlschrank
friend,Freund
friendly,freundlich
friendship,Freundschaft
frighten,erschrecken
frighten away/off,erschrecken/aus
frightened,erschrocken
frightening,erschreckend
from,aus
front,Vorderseite
frozen,gefroren
fruit,Obst
fry,braten
fuel,Treibstoff
full,voll
fully,völlig
fun,Spaß
function,Funktion
function as,funktionieren als
fund,Fonds
fundamental,grundlegend
funeral,Beerdigung
funny,komisch
fur,Pelz
furniture,Möbel
further,des Weiteren
future,Zukunft
gain,gewinnen
gallon,Gallone
gamble,zocken
gambling,Glücksspiel
game,Spiel
gap,Lücke
garage,Garage
garbage,Müll
garden,Garten
gas,Gas
gasoline,Benzin
gate,Tor
gather,versammeln
gear,Ausrüstung
general,Allgemeines
generally,allgemein
generate,generieren
generation,Generation
generous,großzügig
generously,großzügig
gentle,sanft
gentleman,Gentleman
gently,sanft
genuine,echt
genuinely,original
geography,Erdkunde
get,erhalten
get away,wegkommen
get away with,Geh weg mit
get back,Komm zurück
get by,vorbeikommen
get in,Treten Sie ein
get into,geraten in
get off,verschwinde
get on,"zusteigen, einsteigen, vorwärtskommen"
get on with,mach weiter
get out of,aussteigen
get over,Komm drüber hinweg
get round,umgehen
get round to,Gehen Sie zu
get through,durchkommen
get up,steh auf
giant,Riese
gift,Geschenk
girl,Mädchen
girlfriend,feste Freundin
give,geben
give away,hergeben
give back,zurück geben
give in,nachgeben
give off,abgeben
give out,verteilen
give up,aufgeben
glad,froh
glass,Glas
global,global
glove,Handschuh
glue,Kleber
go,gehen
go ahead,fortfahren
goal,Tor
go away,Geh weg
go back,geh zurück
go back to,geh zurück zu
go by,Vergehen
god,Gott
go down,gehen
go into,gehen in
gold,Gold
good,gut
goodbye,Auf Wiedersehen
goods,Waren
go off,ausgehen
go on,mach weiter
go on doing,mach weiter
go out,hinausgehen
go out with,ausgehen mit
go over,Gehen Sie hinüber
go round,Gehen Sie herum
go through,durchgehen
go through with,durchziehen
go to,gehe zu
go up,geh hinauf
govern,regieren
government,Regierung
governor,Gouverneur
go with,geh mit
go without,Gehen Sie ohne
grab,greifen
grade,Klasse
gradually,schrittweise
grain,Getreide
gram,Gramm
grammar,Grammatik
grand,Grand
grandchild,Enkel
granddaughter,Enkelin
grandfather,Großvater
grandmother,Oma
grandparent,Großelternteil
grandson,Enkel
grant,gewähren
grass,Gras
grateful,dankbar
grave,Grab
gravely,ernst
great,Großartig
greatly,sehr
green,grün
grey,grau
grocery,Lebensmittelgeschäft
ground,Boden
group,Gruppe
grow,größer werden
growth,Wachstum
grow up,erwachsen werden
guarantee,Garantie
guard,bewachen
guess,erraten
guest,Gast
guide,führen
guilty,schuldig
gun,Pistole
guy,Kerl
habit,Gewohnheit
hair,Haar
hairdresser,Friseur
half,halb
hall,Halle
hammer,Hammer
hand,Hand
hand back,zurückgeben
hand down,Hand nach unten
hand in,einreichen
handle,handhaben
hand out,Handzettel
hand over,aushändigen
hand round,Hand rund
hang,aufhängen
hang about,herumlungern
hang about with,Bleib mit
hang around,rumhängen
hang around with,rumhängen mit
hang on,abwarten
hang on to,Warte an
hang up,auflegen
happen,passieren
happen to,passieren
happily,glücklich
happiness,Glück
happy,glücklich
hard,schwer
hardly,kaum
harm,Schaden
harmful,schädlich
harmless,harmlos
hat,Hut
hate,hassen
hatred,Hass
have,haben
have back,zurückhaben
have on,auf
have to,"müssen, zu ... haben"
he,er
head,Kopf
headache,Kopfschmerzen
heal,heilen
health,die Gesundheit
healthy,gesund
hear,hören
hear from,hören von
hearing,Hören
hear of,hören von
heart,Herz
heat,Wärme
heating,Heizung
heat up,Aufheizen
heaven,Himmel
heavily,schwer
heavy,schwer
heel,Hacke
height,Höhe
hell,Hölle
hello,hallo
help,Hilfe
helpful,hilfreich
help out,aushelfen
hence,somit
her,Sie
here,hier
hero,Held
hers,ihres
herself,Sie selber
hesitate,zögern
hi,hallo
hide,ausblenden
high,hoch
highlight,Markieren
highly,höchst
highway,Autobahn
hill,hügel
him,ihn
himself,selbst
hip,Hüfte
hire,mieten
hire out,vermieten
his,seine
historical,historisch
history,Geschichte
hit,Schlag
hobby,Hobby
hold,halt
hold back,halte zurück
hold on,festhalten
hold on to,festhalten
hold out,aushalten
hold up,halten
hole,Loch
holiday,Ferien
hollow,hohl
holy,heilig
home,Heimat
homework,Hausaufgaben
honest,ehrlich
honestly,Ehrlich
honour,ehren
hook,Haken
hope,Hoffnung
horizontal,horizontal
horn,Horn
horror,Grusel
horse,Pferd
hospital,Krankenhaus
host,Gastgeber
hot,heiß
hotel,Hotel
hour,Stunde
house,Haus
household,Haushalt
housing,Gehäuse
how,wie
however,jedoch
huge,riesig
human,Mensch
humorous,humorvoll
humour,Humor
hundred,hundert
hundredth,Hundertstel
hungry,hungrig
hunt,Jagd
hunting,Jagd
hurry,sich beeilen
hurry up,Beeil dich
hurt,Schmerz
husband,Ehemann
I,ich
ice,Eis
ice cream,Eis
idea,Idee
ideal,Ideal
identify,identifizieren
identify with,identifizieren mit
identity,Identität
i.e.,d.h.
if,wenn
ignore,ignorieren
ill,krank
illegal,illegal
illegally,illegal
illness,Krankheit
illustrate,veranschaulichen
image,Bild
imaginary,imaginär
imagination,Vorstellung
imagine,vorstellen
immediate,sofort
immediately,sofort
immoral,unmoralisch
impact,Einschlag
impatient,ungeduldig
implication,Implikation
imply,implizieren
import,importieren
importance,Bedeutung
important,wichtig
importantly,Wichtig
impose,auferlegen
impossible,unmöglich
impress,beeindrucken
impressed,beeindruckt
impression,Eindruck
impressive,beeindruckend
improve,verbessern
improvement,Verbesserung
in,in
inability,Unfähigkeit
inch,Zoll
incident,Vorfall
include,enthalten
including,einschließlich
income,Einkommen
increase,Zunahme
increasingly,zunehmend
indeed,in der Tat
independence,Unabhängigkeit
independent,unabhängig
independently,unabhängig
index,Index
indicate,angeben
indication,Indikation
indirect,indirekt
indirectly,indirekt
individual,Individuell
indoor,Innenräume
indoors,drinnen
industrial,industriell
industry,Industrie
inevitable,unvermeidlich
inevitably,zwangsläufig
infect,infizieren
infected,infiziert
infection,Infektion
infectious,ansteckend
influence,beeinflussen
inform,informieren
informal,informell
information,Information
ingredient,Zutat
initial,Initial
initially,anfänglich
initiative,Initiative
injure,verletzen
injured,verletzt
injury,Verletzung
ink,Tinte
inner,innere
innocent,unschuldig
insect,Insekt
insert,Einfügung
inside,Innerhalb
insist,pochen
insist on,auf etwas bestehen
insist on doing,bestehen darauf
install,Installieren
instance,Beispiel
instead,stattdessen
instead of,Anstatt von
institute,Institut
institution,Institution
instruction,Anweisung
instrument,Instrument
insult,Beleidigung
insulting,beleidigend
insurance,Versicherung
intelligence,Intelligenz
intelligent,intelligent
intend,beabsichtigen
intended,beabsichtigt
intention,Absicht
interest,Interesse
interested,interessiert
interesting,interessant
interior,Innere
internal,intern
international,International
Internet,Internet
interpret,interpretieren
interpretation,Deutung
interrupt,unterbrechen
interruption,Unterbrechung
interval,Intervall
interview,Interview
into,hinein
introduce,einführen
introduction,Einleitung
invent,erfinden
invention,Erfindung
invest,investieren
investigate,untersuchen
investigation,Ermittlung
investment,Investition
invitation,Einladung
invite,einladen
involve,einbeziehen
involved,beteiligt
involvement,Beteiligung
iron,Eisen
irritate,reizen
irritated,irritiert
irritating,irritierend
island,Insel
issue,Ausgabe
it,es
item,Artikel
its,es ist
itself,selbst
jacket,Jacke
jam,Marmelade
January,Januar
jealous,neidisch
jeans,Jeans
jelly,Gelee
jewellery,Schmuck
job,Arbeit
join,beitreten
join in,dazu kommen
joint,gemeinsam
jointly,gemeinsam
joke,scherzen
journalist,Journalist
journey,Reise
joy,Freude
judge,Richter
judgement,Beurteilung
juice,Saft
July,Juli
jump,springen
June,Juni
junior,Junior
just,nur
justice,Gerechtigkeit
justified,gerechtfertigt
justify,rechtfertigen
keen,daran interessiert
keep,behalten
keep out,kein Zutritt
keep out of,Weg bleiben von
keep up,weitermachen
keep up with,mithalten mit
key,Schlüssel
keyboard,Klaviatur
kick,trete
kid,Kind
kill,töten
killing,Tötung
kilogram,Kilogramm
kilometre,Kilometer
kind,nett
kindly,freundlich
kindness,Freundlichkeit
king,König
kiss,Kuss
kitchen,Küche
knee,Knie
knife,Messer
knit,stricken
knitted,gestrickt
knitting,Stricken
knock,klopfen
knock down,niederschlagen
knock out,schlagen
knot,Knoten
know,kennt
knowledge,Wissen
lab,Labor
label,Etikett
laboratory,Labor
labour,Arbeit
lack,Mangel
lacking,fehlen
lady,Dame
lake,See
lamp,Lampe
land,Land
landscape,Landschaft
lane,Fahrbahn
language,Sprache
large,groß
largely,weitgehend
last,Letzte
late,spät
later,später
latest,neueste
latter,letztere
laugh,Lachen
laugh at,Lachen über
launch,Start
law,Gesetz
lawyer,Anwalt
lay,legen
layer,Schicht
lazy,faul
lead,führen
leader,Führer
leading,führend
leaf,Blatt
league,Liga
lean,mager
learn,lernen
least,am wenigsten
leather,Leder
leave,verlassen
leave out,auslassen
lecture,Vorlesung
left,links
leg,Bein
legal,legal
legally,rechtlich
lemon,Zitrone
lend,verleihen
length,Länge
less,weniger
lesson,Lektion
let,Lassen
let down,im Stich lassen
let off,lass weg
letter,Buchstabe
level,eben
library,Bibliothek
licence,Lizenz
license,Lizenz
lid,Deckel
lie,Lüge
lie around,herum liegen
lie down,hinlegen
life,Leben
lift,Aufzug
light,hell
lightly,leicht
like,wie
likely,wahrscheinlich
limit,Grenze
limited,begrenzt
limit to,beschränken auf
line,Linie
link,Verknüpfung
lip,Lippe
liquid,Flüssigkeit
list,aufführen
listen,Hören
literature,Literatur
litre,Liter
little,wenig
live,live
lively,lebhaft
live on,weiter leben
live through,durchleben
live together,Zusammenleben
living,Leben
load,Belastung
loan,Darlehen
local,lokal
locally,örtlich
locate,Lokalisieren
located,gelegen
location,Lage
lock,sperren
lock up,sperren
logic,Logik
logical,logisch
lonely,einsam
long,lang
look,sehen
look after,sich kümmern um
look at,ansehen
look down on,herabsehen auf
look forward to,gespannt sein auf
look into,Einblick in
look on,Schau zu
look on with,schau dir zu
look out,Achtung
look out for,Achten Sie auf
look round,umsehen
look through,durch schauen
look up,Sieh nach oben
look up to,Aufsehen zu
loose,lose
loosely,lose
lord,Herr
lorry,LKW
lose,verlieren
loss,Verlust
lost,verirrt
lot,viel
loud,laut
loudly,laut
love,Liebe
lovely,schön
lover,Liebhaber
low,niedrig
loyal,treu
luck,Glück
lucky,Glücklich
luggage,Gepäck
lump,Klumpen
lunch,Mittagessen
lung,Lunge
machine,Maschine
machinery,Maschinen
mad,wütend
magazine,Zeitschrift
magic,Magie
mail,Post
main,hauptsächlich
mainly,hauptsächlich
maintain,pflegen
major,Haupt
majority,mehrheitlich
make,machen
make into,in
make up,bilden
make-up,bilden
make up for,wieder gut machen
male,männlich
mall,Einkaufszentrum
man,Mann
manage,verwalten
management,Management
manager,Manager
manner,Benehmen
manufacture,Herstellung
manufacturer,Hersteller
manufacturing,Herstellung
many,viele
map,Karte
march,März
March,Marsch
mark,Kennzeichen
market,Markt
marketing,Marketing
marriage,die Ehe
married,verheiratet
marry,heiraten
mass,Masse
massive,fest
master,Meister
match,passen
matching,Matching
match up,zusammenpassen
mate,Kamerad
material,Material
mathematics,Mathematik
matter,Angelegenheit
maximum,maximal
may,kann
May,Kann
maybe,kann sein
mayor,Bürgermeister
me,mich
meal,Mahlzeit
mean,bedeuten
meaning,Bedeutung
means,meint
meanwhile,inzwischen
measure,messen
measurement,Messung
meat,Fleisch
media,Medien
medical,medizinisch
medicine,Medizin
medium,Mittel
meet,Treffen
meeting,treffen
meet up,sich treffen
meet with,treffen mit
melt,schmelzen
member,Mitglied
membership,Mitgliedschaft
memory,Erinnerung
mental,mental
mentally,geistig
mention,nennen
menu,Speisekarte
mere,bloß
merely,nur
mess,Chaos
message,Botschaft
metal,Metall
method,Methode
metre,Meter
mid-,Mitte
midday,Mittag
middle,Mitte
midnight,Mitternacht
might,könnte
mild,leicht
mile,Meile
military,Militär-
milk,Milch
milligram,Milligramm
millimetre,Millimeter
million,Million
millionth,millionste
mind,Geist
mine,Mine
mineral,Mineral
minimum,Minimum
minister,Minister
ministry,Ministerium
minor,unerheblich
minority,Minderheit
minute,Minute
mirror,Spiegel
miss,fehlschlagen
missing,fehlen
miss out,verpassen
mistake,Fehler
mistake for,Fehler für
mistaken,falsch
mix,mischen
mixed,gemischt
mixture,Mischung
mix up,verwechseln
mobile,"Handy, Mobiltelefon"
mobile phone,Handy
model,Modell
modern,modern
mom,Mama
moment,Moment
Monday,Montag
money,Geld
monitor,Monitor
month,Monat
mood,Stimmung
moon,Mond
moral,Moral-
morally,moralisch
more,mehr
moreover,Außerdem
morning,Morgen
most,die meisten
mostly,meist
mother,Mutter
motion,Bewegung
motor,Motor-
motorbike,Motorrad
motorcycle,Motorrad
mount,montieren
mountain,Berg
mouse,Maus
mouth,Mund
move,Bewegung
move in,einziehen
movement,Bewegung
move out,ausziehen
move over,bewegen
movie,Film
movie theater,Kino
moving,ziehen um
Mr,Herr
Mrs,Frau
Ms,MS
much,viel
mud,Dreck
multiply,multiplizieren
mum,Mama
murder,Mord
muscle,Muskel
museum,Museum
music,Musik
musical,Musical
musician,Musiker
must,muss
my,mein
myself,mich selbst
mysterious,mysteriös
mystery,Geheimnis
nail,Nagel
naked,nackt
name,Name
narrow,eng
nation,Nation
national,National
natural,natürlich
naturally,natürlich
nature,Natur
navy,Marine
near,nahe
nearby,in der Nähe
nearly,fast
neat,sauber
neatly,ordentlich
necessarily,Notwendig
necessary,notwendig
neck,Nacken
need,brauchen
needle,Nadel
negative,Negativ
neighbour,Nachbar
neighbourhood,Nachbarschaft
neither,weder
nephew,Neffe
nerve,Nerv
nervous,nervös
nervously,nervös
nest,Nest
net,Netz
network,Netzwerk
never,noch nie
nevertheless,Dennoch
new,Neu
newly,neu
news,Nachrichten
newspaper,Zeitung
next,nächste
next to,neben
nice,Hübsch
nicely,schön
niece,Nichte
night,Nacht
nine,neun
nineteen,neunzehn
nineteenth,Neunzehnten
ninetieth,Neunzigste
ninety,neunzig
ninth,neunte
no,nein
nobody,niemand
noise,Lärm
noisily,geräuschvoll
noisy,laut
non-,nicht-
none,keiner
nonsense,Unsinn
no one,niemand
nor,Noch
normal,normal
normally,normalerweise
north,Norden
northern,Nord
nose,Nase
not,nicht
note,Hinweis
note down,notieren
nothing,nichts
notice,Notiz
noticeable,bemerkbar
novel,Roman
November,November
now,jetzt
nowhere,nirgends
nuclear,Nuklear
number,Nummer
nurse,Krankenschwester
nut,Mutter
obey,Folge leisten
object,Objekt
objective,Zielsetzung
observation,Überwachung
observe,beobachten
obtain,erhalten
obvious,offensichtlich
obviously,offensichtlich
occasion,Gelegenheit
occasionally,gelegentlich
occupied,besetzt
occupy,besetzen
occur,geschehen
occur to,vorkommen
ocean,Ozean
o’clock,Uhr
October,Oktober
odd,seltsam
oddly,Seltsamerweise
of,von
off,aus
offence,Delikt
offend,beleidigen
offense,Delikt
offensive,beleidigend
offer,Angebot
office,Büro
officer,Offizier
official,offiziell
officially,offiziell
often,häufig
oh,oh
oil,Öl
OK,OK
old,alt
old-fashioned,altmodisch
on,an
once,einmal
one,eines
one another,einander
onion,Zwiebel
online,online
only,nur
onto,auf zu
open,offen
opening,Öffnung
openly,offen
open up,aufmachen
operate,arbeiten
operation,Betrieb
opinion,Meinung
opponent,Gegner
opportunity,Gelegenheit
oppose,ablehnen
opposed,entgegengesetzt
opposing,gegensätzlich
opposite,Gegenteil
opposition,Opposition
option,Möglichkeit
or,oder
orange,Orange
order,bestellen
ordinary,gewöhnliche
organ,Organ
organization,Organisation
organize,organisieren
organized,organisiert
origin,Ursprung
original,Original
originally,ursprünglich
other,Sonstiges
otherwise,Andernfalls
ought to,sollte
our,unser
ours,unsere
ourselves,uns selbst
out,aus
outdoor,draussen
outdoors,draußen
outer,äußere
outline,Gliederung
output,Ausgang
outside,außen
outstanding,hervorragend
oven,Ofen
over,Über
overall,gesamt
overcome,überwinden
owe,verdanken
own,besitzen
owner,Eigentümer
own up,besitzen
pace,Tempo
pack,Pack
package,Paket
packaging,Verpackung
packet,Paket
pack up,zusammenpacken
page,Seite
pain,Schmerzen
painful,schmerzlich
paint,Farbe
painter,Maler
painting,Malerei
pair,Paar
palace,Palast
pale,blass
pan,Pfanne
panel,Panel
pants,Hose
paper,Papier
parallel,parallel
parent,Elternteil
park,Park
parliament,Parlament
part,Teil
particular,besondere
particularly,im Speziellen
partly,teilweise
partner,Partner
partnership,Partnerschaft
party,Party
pass,passieren
passage,Passage
pass away,versterben
pass by,Vorbeigehen
passenger,Passagier
passing,Vorbeigehen
pass on,weitergeben
pass out,ohnmächtig werden
passport,Reisepass
pass round,Passen Sie herum
pass through,durchlaufen
past,vorbei an
path,Weg
patience,Geduld
patient,Geduldig
pattern,Muster
pause,Pause
pay,Zahlen
pay back,Rückzahlung
payment,Zahlung
pay out,auszahlen
pay up,Bezahle
peace,Frieden
peaceful,friedlich
peak,Gipfel
pen,Stift
pencil,Bleistift
penny,Penny
pension,die Pension
people,Personen
pepper,Pfeffer
per,pro
per cent,Prozent
perfect,perfekt
perfectly,perfekt
perform,ausführen
performance,Leistung
performer,Künstler
perhaps,vielleicht
period,Zeitraum
permanent,dauerhaft
permanently,permanent
permission,Genehmigung
permit,erlauben
person,Person
personal,persönlich
personality,Persönlichkeit
personally,persönlich
persuade,überreden
pet,Haustier
petrol,Benzin
phase,Phase
philosophy,Philosophie
phone,Telefon
photo,Foto
photocopy,Fotokopie
photograph,Foto
photographer,Fotograf
photography,Fotografie
phrase,Phrase
physical,physisch
physically,physisch
physics,Physik
piano,Klavier
pick,wählen
pick up,aufsammeln
picture,Bild
piece,Stück
pig,Schwein
pile,Haufen
pile up,aufstapeln
pill,Pille
pilot,Pilot
pin,Stift
pink,rosa
pint,Pint
pipe,Rohr
pitch,Tonhöhe
pity,Mitleid
place,Platz
plain,schmucklos
plan,planen
plane,Flugzeug
planet,Planet
planning,Planung
plant,Pflanze
plastic,Plastik
plate,Teller
platform,Plattform
play,abspielen
play about,spielen
player,Spieler
play with,Spiel mit
pleasant,angenehm
pleasantly,angenehm
please,bitte
pleased,zufrieden
pleasing,erfreulich
pleasure,Vergnügen
plenty,eine Menge
plot,Handlung
plug,Stecker
plug in,Stecker
plus,Plus
p.m.,p.m.
pocket,Tasche
poem,Gedicht
poetry,Poesie
point,Punkt
pointed,spitz
point out,hinweisen
poison,Gift
poisonous,giftig
pole,Pole
police,Polizei
policy,Politik
polish,Polieren
polite,höflich
politely,höflich
political,politisch
politically,politisch
politician,Politiker
politics,Politik
pollution,Umweltverschmutzung
pool,Schwimmbad
poor,Arm
pop,Pop
popular,Beliebt
population,Population
port,Hafen
pose,Pose
position,Position
positive,positiv
possess,besitzen
possession,Besitz
possibility,Wahrscheinlichkeit
possible,möglich
possibly,möglicherweise
post,Post
post office,Post
pot,Topf
potato,Kartoffel
potential,Potenzial
potentially,möglicherweise
pound,Pfund
pour,gießen
powder,Pulver
power,Energie
powerful,kraftvoll
practical,praktisch
practically,praktisch
practice,trainieren
practise,trainieren
praise,loben
pray,beten
prayer,Gebet
precise,präzise
precisely,genau
predict,vorhersagen
prefer,vorziehen
preference,Präferenz
pregnant,schwanger
premises,Firmengelände
preparation,Vorbereitung
prepare,vorbereiten
prepared,bereit
presence,Gegenwart
present,gegenwärtig
presentation,Präsentation
preserve,bewahren
president,Präsident
press,Drücken Sie
pressure,Druck
presumably,vermutlich
pretend,so tun als ob
pretty,hübsch
prevent,verhindern
previous,früher
previously,bisher
price,Preis
pride,Stolz
priest,Priester
primarily,in erster Linie
primary,primär
prime minister,Premierminister
prince,Prinz
princess,Prinzessin
principle,Prinzip
print,drucken
printer,Drucker
printing,Drucken
print off,ausdrucken
prior,frühere
priority,Priorität
prison,Gefängnis
prisoner,Häftling
private,Privatgelände
privately,privat
prize,Preis-
probable,wahrscheinlich
probably,wahrscheinlich
problem,Problem
procedure,Verfahren
proceed,verlaufen
process,Prozess
produce,produzieren
producer,Hersteller
product,Produkt
production,Produktion
profession,Beruf
professional,Fachmann
professor,Professor
profit,profitieren
program,Programm
programme,Programm
progress,Fortschritt
project,Projekt
promise,versprechen
promote,fördern
promotion,Förderung
prompt,prompt
promptly,sofort
pronounce,aussprechen
pronunciation,Aussprache
proof,nachweisen
proper,richtig
properly,richtig
property,Eigentum
proportion,Anteil
proposal,Vorschlag
propose,vorschlagen
prospect,Aussicht
protect,beschützen
protection,Schutz
protest,Protest
proud,stolz
proudly,stolz
prove,beweisen
provide,zur Verfügung stellen
provided,bereitgestellt
providing,Bereitstellung
pub,Pub
public,Öffentlichkeit
publication,Veröffentlichung
publicity,Werbung
publicly,öffentlich
publish,veröffentlichen
publishing,Veröffentlichung
pull,ziehen
pull apart,auseinander ziehen
pull down,runterziehen
pull in,anziehen
pull off,abziehen
pull out,Herausziehen
pull over,zur Seite fahren
pull through,durchziehen
pull together,Reiß dich zusammen
pull up,hochziehen
punch,schlagen
punish,bestrafen
punishment,Bestrafung
pupil,Schüler
purchase,kaufen
pure,rein
purely,rein
purple,Violett
purpose,Zweck
pursue,verfolgen
push,drücken
push about,drängen
push forward,vorstoßen
put,stellen
put away,weglegen
put back,zurück geben
put down,hinlegen
put forward,vorbringen
put in,einstellen
put off,aufschieben
put on,anziehen
put out,herausgeben
put through,durchsetzen
put together,zusammensetzen
put up,aufstellen
put up with,aushalten
qualification,Qualifikation
qualified,qualifiziert
qualify,qualifizieren
quality,Qualität
quantity,Anzahl
quarter,Quartal
queen,Königin
question,Frage
quick,schnell
quickly,schnell
quiet,ruhig
quietly,ruhig
quit,Verlassen
quite,ziemlich
quote,zitieren
race,Rennen
racing,Rennen
radio,Radio
rail,Schiene
railroad,Eisenbahn
railway,Eisenbahn
rain,Regen
raise,heben
range,Angebot
rank,Rang
rapid,schnell
rapidly,schnell
rare,Selten
rarely,selten
rate,Bewertung
rather,eher
raw,roh
re-,betreffend-
reach,erreichen
react,reagieren
reaction,Reaktion
read,lesen
reader,Leser
reading,lesen
read out,vorlesen
read over,drüber lesen
ready,bereit
real,real
realistic,realistisch
reality,Wirklichkeit
realize,realisieren
really,Ja wirklich
rear,Rückseite
reason,Grund
reasonable,angemessen
reasonably,vernünftig
recall,abrufen
receipt,Kassenbon
receive,erhalten
recent,jüngste
recently,in letzter Zeit
reception,Rezeption
reckon,rechnen
reckon on,rechnen
recognition,Erkennung
recognize,erkenne
recommend,empfehlen
record,Aufzeichnung
recording,Aufzeichnung
recover,genesen
red,rot
reduce,reduzieren
reduction,die Ermäßigung
refer,verweisen
reference,Hinweis
refer to,beziehen auf
reflect,reflektieren
reform,Reform
refrigerator,Kühlschrank
refusal,Ablehnung
refuse,sich weigern
regard,betrachten
regarding,bezüglich
region,Region
regional,regional
register,registrieren
regret,Reue
regular,regulär
regularly,regelmäßig
regulation,Verordnung
reject,ablehnen
relate,betreffen
related,verbunden
relate to,in Beziehung zu
relation,Beziehung
relationship,Beziehung
relative,relativ
relatively,verhältnismäßig
relax,Entspannen Sie sich
relaxed,entspannt
relaxing,Entspannung
release,Veröffentlichung
relevant,relevant
relief,Hilfe
religion,Religion
religious,religiös
rely,vertrauen
rely on,sich verlassen auf
remain,bleiben übrig
remaining,verblieben
remains,Überreste
remark,Anmerkung
remarkable,bemerkenswert
remarkably,bemerkenswert
remember,denken Sie daran
remind,erinnern
remind of,erinnern an
remote,Fernbedienung
removal,Entfernung
remove,Löschen
rent,Miete
rented,gemietet
repair,Reparatur
repeat,wiederholen
repeated,wiederholt
repeatedly,wiederholt
replace,ersetzen
reply,Antwort
report,Bericht
represent,vertreten
representative,Vertreter
reproduce,reproduzieren
reputation,Ruf
request,Anfrage
require,benötigen
requirement,Erfordernis
rescue,Rettung
research,Forschung
reservation,Reservierung
reserve,Reservieren
resident,Bewohner
resist,widerstehen
resistance,Widerstand
resolve,beschließen
resort,Resort
resort to,zurückgreifen auf
resource,Ressource
respect,Respekt
respond,antworten
response,Antwort
responsibility,Verantwortung
responsible,verantwortlich
rest,sich ausruhen
restaurant,Restaurant
restore,wiederherstellen
restrict,beschränken
restricted,eingeschränkt
restriction,Beschränkung
result,Ergebnis
result in,führen in
retain,zuückbehalten
retire,ausscheiden
retired,im Ruhestand
retirement,Ruhestand
return,Rückkehr
reveal,aufdecken
reverse,umkehren
review,Rezension
revise,überarbeiten
revision,Revision
revolution,Revolution
reward,belohnen
rhythm,Rhythmus
rice,Reis
rich,Reich
rid,loswerden
ride,Reiten
rider,Fahrer
ridiculous,lächerlich
riding,Reiten
right,Rechts
rightly,richtig
ring,Ring
ring back,zurückrufen
rise,Aufstieg
risk,Risiko
rival,Rivale
river,Fluss
road,Straße
rob,rauben
rock,Felsen
role,Rolle
roll,rollen
romantic,romantisch
roof,Dach
room,Zimmer
root,Wurzel
rope,Seil
rough,Rau
roughly,grob
round,runden
rounded,gerundet
route,Route
routine,Routine
row,die Zeile
royal,königlich
rub,reiben
rubber,Gummi
rubbish,Müll
rude,unhöflich
rudely,grob
ruin,zugrunde richten
ruined,ruiniert
rule,Regel
rule out,ausschließen
ruler,Lineal
rumour,Gerücht
run,Lauf
run after,rennen danach
run away,weglaufen
runner,Läufer
running,laufend
run out,leerlaufen
run over,überlaufen
run through,durchlaufen
rural,ländlich
rush,sich beeilen
sack,Sack
sad,traurig
sadly,leider
sadness,Traurigkeit
safe,sicher
safely,sicher
safety,Sicherheit
sail,Segel
sailing,Segeln
sailor,Seemann
salad,Salat
salary,Gehalt
sale,Verkauf
salt,Salz
salty,salzig
same,gleich
sample,Probe
sand,Sand
satisfaction,Befriedigung
satisfied,befriedigt
satisfy,erfüllen
satisfying,befriedigend
Saturday,Samstag
sauce,Soße
save,sparen
saving,sparen
say,sagen
scale,Skala
scare,Schrecken
scared,erschrocken
scare off,abschrecken
scene,Szene
schedule,zeitlicher Ablauf
scheme,planen
school,Schule
science,Wissenschaft
scientific,wissenschaftlich
scientist,Wissenschaftler
scissors,Schere
score,Punktzahl
scratch,kratzen
scream,Schrei
screen,Bildschirm
screw,schrauben
sea,Meer
seal,Siegel
seal off,versiegeln
search,Suche
season,Jahreszeit
seat,Sitz
second,zweite
secondary,sekundär
secret,Geheimnis
secretary,Sekretär
secretly,heimlich
section,Sektion
sector,Sektor
secure,sicher
security,Sicherheit
see,sehen
see about,sehen
seed,Samen
seek,suchen
seem,erscheinen
see to,Sehen Sie
select,auswählen
selection,Auswahl
self,selbst
self-,selbst-
sell,verkaufen
sell off,Ausverkauf
sell out,ausverkaufen
senate,Senat
senator,Senator
send,senden
send for,Senden Sie
send off,abschicken
senior,Senior
sense,Sinn
sensible,vernünftig
sensitive,empfindlich
sentence,Satz
separate,getrennt
separated,getrennt
separately,separat
separation,Trennung
September,September
series,Serie
serious,ernst
seriously,Ernsthaft
servant,Knecht
serve,Dienen
service,Service
session,Sitzung
set,einstellen
set off,losfahren
set out,auf den Weg machen
settle,siedeln
settle down,niederlassen
set up,Konfiguration
seven,Sieben
seventeen,siebzehn
seventh,siebte
seventieth,siebzigste
seventy,siebzig
several,mehrere
severe,schwer
severely,stark
sew,nähen
sewing,Nähen
sex,Sex
sexual,sexuell
sexually,sexuell
shade,Schatten
shadow,Schatten
shake,Shake
shall,soll
shallow,seicht
shame,Schande
shape,Form
shaped,geformt
share,Teilen
sharp,Scharf
sharply,scharf
shave,rasieren
she,sie
sheep,Schaf
sheet,Blech
shelf,Regal
shell,Hülse
shelter,Schutz
shift,Wechsel
shine,scheinen
shiny,glänzend
ship,Schiff
shirt,Shirt
shock,Schock
shocked,schockiert
shocking,schockierend
shoe,Schuh
shoot,schießen
shoot down,abschießen
shooting,Schießen
shop,Geschäft
shopping,Einkaufen
short,kurz
shortly,in Kürze
shot,Schuss
should,sollte
shoulder,Schulter
shout,schreien
show,Show
shower,Dusche
show off,angeben
show round,umher zeigen
show up,erscheinen
shut,schließen
shut down,stilllegen
shut in,Schließe ein
shut out,ausschalten
shut up,den Mund halten
shy,schüchtern
sick,krank
side,Seite
sideways,seitwärts
sight,Sicht
sign,Schild
signal,Signal
signature,Unterschrift
significant,von Bedeutung
significantly,bedeutend
silence,Schweigen
silent,Leise
silk,Seide
silly,dumm
silver,Silber-
similar,ähnlich
similarly,ähnlich
simple,einfach
simply,einfach
since,seit
sincere,aufrichtig
sincerely,Mit freundlichen Grüßen
sing,singen
singer,Sänger
singing,Singen
single,Single
sink,Waschbecken
sir,Herr
sister,Schwester
sit,mach Sitz
sit down,Hinsetzen
site,Seite? ˅
situation,Lage
six,sechs
sixteen,sechzehn
sixth,sechste
sixtieth,Sechzigste
sixty,sechzig
size,Größe
skilful,geschickt
skilfully,geschickt
skill,Können
skilled,qualifiziert
skin,Haut
skirt,Rock
sky,Himmel
sleep,schlafen
sleeve,Ärmel
slice,Scheibe
slide,gleiten
slight,leicht
slightly,leicht
slip,Unterhose
slope,Neigung
slow,langsam
slowly,langsam
small,klein
smart,Clever
smash,zerschlagen
smell,Geruch
smile,lächeln
smoke,Rauch
smoking,Rauchen
smooth,glatt
smoothly,glatt
snake,Schlange
snow,Schnee
so,Also
soap,Seife
social,Sozial
socially,sozial
society,Gesellschaft
sock,Socke
soft,Sanft
softly,leise
software,Software
soil,Boden
soldier,Soldat
solid,fest
solution,Lösung
solve,lösen
some,etwas
somebody,jemand
somehow,irgendwie
someone,jemand
something,etwas
sometimes,manchmal
somewhat,etwas
somewhere,irgendwo
son,Sohn
song,Lied
soon,demnächst
sore,wund
sorry,Verzeihung
sort,Sortieren
sort out,aussortieren
soul,Seele
sound,Klang
soup,Suppe
sour,sauer
source,Quelle
south,Süden
southern,Süd-
space,Platz
spare,Ersatzteil
speak,sprechen
speaker,Lautsprecher
speak out,aussprechen
speak up,sprechen
special,Besondere
specialist,Spezialist
specially,speziell
specific,Spezifisch
specifically,speziell
speech,Rede
speed,Geschwindigkeit
speed up,beschleunigen
spell,Fluch
spelling,Rechtschreibung
spend,verbringen
spice,würzen
spicy,würzig
spider,Spinne
spin,drehen
spirit,Geist
spiritual,spirituell
spite,Trotz
split,Teilt
split up,aufteilen
spoil,verderben
spoken,gesprochen
spoon,Löffel
sport,Sport
spot,Stelle
spray,sprühen
spread,Verbreitung
spread out,verteilen
spring,Frühling
square,Quadrat
squeeze,drücken
stable,stabil
staff,Mitarbeiter
stage,Bühne
stamp,Stempel
stand,Stand
standard,Standard
stand back,treten Sie zurück
stand by,bereithalten
stand for,stehen für
stand out,auffallen
stand up,aufstehen
stand up for,sich für etwas einsetzen
star,Stern
stare,starren
start,Anfang
start off,anfangen
start out,beginnen
start up,Anlaufen
state,Zustand
statement,Aussage
station,Bahnhof
statue,Statue
status,Status
stay,bleibe
stay away,Bleib weg
stay out of,sich aus etwas heraushalten
steadily,ständig
steady,stetig
steal,stehlen
steam,Dampf
steel,Stahl
steep,steil
steeply,steil
steer,steuern
step,Schritt
stick,Stock
stick out,abstehen
stick to,bleiben bei
stick up,aufhalten
sticky,klebrig
stiff,steif
stiffly,steif
still,still
sting,Stachel
stir,Aufsehen
stock,Lager
stomach,Magen
stone,Stein
stop,Pause
store,Laden
storm,Sturm
story,Geschichte
stove,Herd
straight,gerade
strain,Beanspruchung
strange,seltsam
strangely,seltsam
stranger,Fremder
strategy,Strategie
stream,Strom
street,Straße
strength,Stärke
stress,betonen
stressed,betont
stretch,strecken
strict,strikt
strictly,streng
strike,schlagen
striking,streikend
string,Saite
strip,Streifen
stripe,Streifen
striped,gestreift
stroke,streicheln
strong,stark
strongly,stark
structure,Struktur
struggle,Kampf
student,Schüler
studio,Studio
study,lernen
stuff,Sachen
stupid,dumm
style,Stil
subject,Thema
substance,Substanz
substantial,substanziell
substantially,im Wesentlichen
substitute,Ersatz
succeed,erfolgreich
success,Erfolg
successful,erfolgreich
successfully,erfolgreich
such,eine solche
suck,saugen
sudden,plötzlich
suddenly,plötzlich
suffer,leiden
suffering,leiden
sufficient,reicht aus
sufficiently,ausreichend
sugar,Zucker
suggest,empfehlen
suggestion,Anregung
suit,passen
suitable,geeignet
suitcase,Koffer
suited,geeignet
sum,Summe
summary,Zusammenfassung
summer,Sommer
sum up,zusammenfassen
sun,Sonne
Sunday,Sonntag
superior,Vorgesetzter
supermarket,Supermarkt
supply,liefern
support,Unterstützung
supporter,Fan
suppose,vermuten
sure,sicher
surely,sicherlich
surface,auftauchen
surname,Familien-oder Nachname
surprise,Überraschung
surprised,überrascht
surprising,überraschend
surprisingly,überraschenderweise
surround,umgeben
surrounding,umgeben
surroundings,Umfeld
survey,Umfrage
survive,überleben
suspect,vermuten
suspicion,Verdacht
suspicious,verdächtig
swallow,schlucken
swear,schwören
swearing,Fluchen
sweat,Schweiß
sweater,Pullover
sweep,fegen
sweet,süß
swell,anschwellen
swelling,Schwellung
swim,schwimmen
swimming,Baden
swimming pool,Schwimmbad
swing,schwingen
switch,Schalter
switch off,ausschalten
swollen,geschwollen
symbol,Symbol
sympathetic,sympathisch
sympathy,Sympathie
table,Tisch
tablet,Tablette
tackle,angehen
tail,Schwanz
take,nehmen
take away,wegbringen
take back,zurücknehmen
take down,herunter nehmen
take in,aufnehmen
take off,abheben
take on,übernehmen
take over,übernehmen
take up,aufheben
talk,sich unterhalten
tall,hoch
tank,Panzer
tap,klopfen
tape,Band
target,Ziel
task,Aufgabe
taste,Geschmack
tax,MwSt
taxi,Taxi
tea,Tee
teach,unterrichten
teacher,Lehrer
teaching,Lehren
team,Mannschaft
tear,Träne
tear up,zerreißen
technical,technisch
technique,Technik
technology,Technologie
telephone,Telefon
television,Fernsehen
tell,erzählen
tell off,aussprechen
temperature,Temperatur
temporarily,vorübergehend
temporary,vorübergehend
ten,zehn
tend,neigen
tendency,Tendenz
tension,Spannung
tent,Zelt
tenth,Zehntel
term,Begriff
terrible,abscheulich
terribly,fürchterlich
test,Prüfung
text,Text
than,als
thank,danken
thanks,Danke
thank you,Danke
that,das
the,das
theatre,Theater
their,ihr
theirs,ihre
them,Sie
theme,Thema
themselves,sich
then,dann
theory,Theorie
there,dort
therefore,deshalb
they,sie
thick,dick
thickly,dick
thickness,Dicke
thief,Dieb
thin,dünn
thing,Ding
think,denken
think about,nachdenken über
thinking,Denken
think of,Denk an
think of as,denken Sie an als
think over,überdenken
think up,ausdenken
third,dritte
thirsty,durstig
thirteen,dreizehn
thirteenth,dreizehnte
thirtieth,dreißigste
thirty,dreißig
this,Dies
thorough,gründlich
thoroughly,gründlich
though,obwohl
thought,Gedanke
thousand,tausend
thousandth,Tausendstel
thread,Faden
threat,Drohung
threaten,drohen
threatening,bedrohlich
three,drei
throat,Kehle
through,durch
throughout,hindurch
throw,Wurf
throw away,wegschmeißen
throw out,rausschmeißen
thumb,Daumen
Thursday,Donnerstag
thus,daher
ticket,Fahrkarte
tidy,ordentlich
tie,binden
tie up,Fesseln
tight,fest
tightly,dicht
till,bis
time,Zeit
timetable,Zeitplan
tin,Zinn
tiny,sehr klein
tip,Tipp
tip over,umkippen
tire,Reifen
tired,müde
tire out,ausgelaugt sein
tiring,ermüdend
title,Titel
to,zu
today,heute
toe,Zehe
together,zusammen
toilet,Toilette
tomato,Tomate
tomorrow,Morgen
ton,Tonne
tone,Ton
tongue,Zunge
tonight,heute Abend
tonne,Tonne
too,zu
tool,Werkzeug
tooth,Zahn
top,oben
topic,Thema
total,gesamt
totally,total
touch,berühren
tough,hart
tour,Tour
tourist,Tourist
towards,gegenüber
towel,Handtuch
tower,Turm
town,"Stadt, Dorf"
toy,Spielzeug
trace,verfolgen
track,Spur
trade,handeln
trading,Handel
tradition,Tradition
traditional,traditionell
traditionally,traditionell
traffic,Verkehr
train,Zug
training,Ausbildung
transfer,Transfer
transform,verwandeln
translate,Übersetzen
translation,Übersetzung
transparent,transparent
transport,Transport
transportation,Transport
trap,fangen
travel,reisen
traveller,Reisender
treat,behandeln
treatment,Behandlung
tree,Baum
trend,Trend
trial,Studie
triangle,Dreieck
trick,Trick
trip,Reise
tropical,tropisch
trouble,Problem
trousers,Hose
truck,LKW
true,stimmt
truly,wirklich
trust,vertrauen
truth,Wahrheit
try,Versuchen
try on,anprobieren
try out,ausprobieren
tube,Rohr
Tuesday,Dienstag
tune,Melodie
tunnel,Tunnel
turn,drehen
turn back,zurückdrehen
turn down,abdrehen
turn into,einbiegen in
turn off,schalte aus
turn on,einschalten
turn out,sich herausstellen
turn over,umdrehen
turn round,umdrehen
turn to,sich wenden an
turn up,auftauchen
TV,Fernseher
twelfth,Zwölftel
twelve,zwölf
twentieth,Zwanzigstes
twenty,zwanzig
twice,zweimal
twin,Zwilling
twist,Twist
twisted,verdrehte
two,zwei
type,Typ
typical,typisch
typically,Normalerweise
tyre,Reifen
the unemployed,die Arbeitslosen
the unexpected,das Unerwartete
ugly,hässlich
ultimate,ultimativ
ultimately,letzten Endes
umbrella,Regenschirm
unable,unfähig
unacceptable,inakzeptabel
uncertain,unsicher
uncle,Onkel
uncomfortable,unbequem
unconscious,unbewusst
uncontrolled,unkontrolliert
under,unter
underground,unter Tage
underneath,unterhalb
understand,verstehe
understanding,Verständnis
underwater,Unterwasser
underwear,Unterwäsche
undo,rückgängig machen
unemployed,arbeitslos
unemployment,Arbeitslosigkeit
unexpected,unerwartet
unexpectedly,unerwartet
unfair,unfair
unfairly,unfair
unfortunate,unglücklich
unfortunately,Unglücklicherweise
unfriendly,unfreundlich
unhappy,unzufrieden
uniform,Uniform
unimportant,unwichtig
union,Union
unique,einzigartig
unit,Einheit
unite,Vereinen
united,vereinigt
universe,Universum
university,Universität
unkind,unfreundlich
unknown,Unbekannt
unless,wenn nicht
unlike,nicht wie
unlikely,unwahrscheinlich
unload,entladen
unlucky,unglücklich
unnecessary,nicht notwendig
unpleasant,unangenehm
unreasonable,unvernünftig
unsteady,unstetig
unsuccessful,erfolglos
untidy,unordentlich
until,bis um
unusual,ungewöhnlich
unusually,ungewöhnlich
unwilling,nicht bereit
unwillingly,unfreiwillig
up,hoch
upon,auf
upper,"Oberer, höher"
upset,verärgern
upsetting,störend
upside down,verkehrt herum
upstairs,nach oben
upward,nach oben
upwards,nach oben
urban,urban
urge,Drang
urgent,dringend
us,uns
use,verwenden
used,Gebraucht
used to,gewöhnt an
useful,nützlich
useless,nicht zu gebrauchen
user,Benutzer
use up,verbrauchen
usual,üblich
usually,normalerweise
vacation,Urlaub
valid,gültig
valley,Senke
valuable,wertvoll
value,Wert
van,Van
variation,Variation
varied,abwechslungsreich
variety,Vielfalt
various,verschiedene
vary,variieren
vast,groß
vegetable,Gemüse
vehicle,Fahrzeug
venture,wagen
version,Ausführung
vertical,vertikal
very,sehr
via,über
victim,Opfer
victory,Sieg
video,Video
view,Aussicht
village,Dorf
violence,Gewalt
violent,heftig
violently,heftig
virtually,virtuell
virus,Virus
visible,sichtbar
vision,Vision
visit,Besuch
visitor,Besucher
vital,vital
vocabulary,Wortschatz
voice,Stimme
volume,Volumen
vote,Abstimmung
wage,Lohn
waist,Taille
wait,Warten
waiter,Kellner
wake,aufwachen
walk,Spaziergang
walking,gehen
walk out,hinausgehen
walk up,Gehen Sie hoch
wall,Mauer
wallet,Geldbörse
wander,wandern
want,wollen
war,Krieg
warm,warm
warmth,Wärme
warm up,sich warm laufen
warn,warnen
warning,Warnung
wash,waschen
wash away,wegwaschen
washing,Waschen
wash off,abwaschen
wash out,ausspülen
wash up,waschen
waste,Abfall
watch,Uhr
watch out,Achtung
watch out for,achten Sie auf
water,Wasser
wave,Welle
way,Weg
we,wir
weak,schwach
weakness,die Schwäche
wealth,Vermögen
weapon,Waffe
wear,tragen
wear away,verwischen
wear off,abnutzen
wear out,abnutzen
weather,Wetter
web,Netz
website,Webseite
wedding,Hochzeit
Wednesday,Mittwoch
week,Woche
weekend,Wochenende
weekly,wöchentlich
weigh,wiegen
weight,Gewicht
welcome,willkommen
well,Gut
well known,sehr bekannt
west,Westen
western,Western
wet,nass
what,was
whatever,wie auch immer
wheel,Rad
when,Wenn
whenever,Wann immer
where,wo
whereas,wohingegen
wherever,wo auch immer
whether,ob
which,die
while,während
whisper,flüstern
whistle,Pfeife
white,Weiß
who,wer
whoever,Wer auch immer
whole,ganz
whom,dem
whose,Deren
why,warum
wide,breit
widely,weit
width,Breite
wife,Ehefrau
wild,wild
wildly,wild
will,Wille
willing,bereit
willingly,bereitwillig
willingness,Bereitschaft
win,gewinnen
wind,Wind
window,Fenster
wine,Wein
wing,Flügel
winner,Gewinner
winning,Gewinnen
winter,Winter
wire,Kabel
wise,weise
wish,Wunsch
with,mit
withdraw,abheben
within,innerhalb
without,ohne
witness,Zeuge
woman,Frau
wonder,sich fragen
wonderful,wunderbar
wood,Holz
wooden,hölzern
wool,wolle
word,Wort
work,Arbeit
worker,Arbeiter
working,Arbeiten
work out,trainieren
world,Welt
worried,besorgt
worry,Sorge
worrying,besorgniserregend
worse,schlechter
worship,Verehrung
worst,schlechteste
worth,Wert
would,möchten
wound,Wunde
wounded,verwundet
wrap,wickeln
wrapping,Verpackung
wrist,Handgelenk
write,schreiben
write back,Schreib zurück
write down,aufschreiben
writer,Schriftsteller
writing,Schreiben
written,geschrieben
wrong,falsch
wrongly,zu Unrecht
yard,Hof
yawn,gähnen
yeah,ja
year,Jahr
yellow,gelb
yes,Jawohl
yesterday,gestern
yet,noch
you,Sie
young,jung
your,dein
yours,deine
yourself,dich selbst
youth,Jugend
zero,Null
zone,Zone
